{"stats":{"minecraft:killed_by":{"minecraft:player":1},"minecraft:picked_up":{"minecraft:stick":27,"minecraft:crafting_table":2,"minecraft:oak_log":79,"minecraft:dirt":24,"minecraft:apple":5,"minecraft:wheat_seeds":1,"minecraft:oak_sapling":37},"minecraft:dropped":{"minecraft:dirt":3,"minecraft:wheat_seeds":2,"tombstone:grave_key":2,"tombstone:grave_dust":1,"minecraft:string":1,"minecraft:stick":3},"minecraft:used":{"minecraft:wooden_axe":78,"minecraft:apple":2,"minecraft:oak_planks":39,"minecraft:dirt":2,"minecraft:crafting_table":3,"ars_nouveau:sourceberry_bush":2,"tombstone:gift":2},"minecraft:crafted":{"minecraft:oak_planks":316,"minecraft:crafting_table":2,"minecraft:stick":16,"minecraft:wooden_pickaxe":1,"minecraft:wooden_axe":2},"minecraft:custom":{"minecraft:time_since_rest":1,"minecraft:sprint_one_cm":124375,"minecraft:damage_taken":2058,"minecraft:walk_one_cm":37653,"minecraft:drop":12,"minecraft:damage_dealt":188,"minecraft:interact_with_crafting_table":3,"minecraft:fly_one_cm":142460,"minecraft:open_chest":3,"minecraft:crouch_one_cm":2502,"minecraft:play_time":28759,"minecraft:deaths":6,"minecraft:sneak_time":1234,"minecraft:jump":641,"minecraft:damage_dealt_resisted":0,"minecraft:leave_game":1,"minecraft:walk_on_water_one_cm":1005,"minecraft:time_since_death":749,"minecraft:total_world_time":28759,"minecraft:fall_one_cm":18971},"minecraft:mined":{"minecraft:birch_leaves":2,"minecraft:crafting_table":2,"minecraft:grass":6,"minecraft:grass_block":16,"minecraft:oak_log":81,"minecraft:dead_bush":4,"minecraft:dirt":8,"minecraft:tall_grass":1,"minecraft:oak_leaves":12},"minecraft:broken":{"minecraft:wooden_axe":1}},"DataVersion":3465}