{"stats":{"minecraft:killed_by":{"minecraft:player":1},"minecraft:killed":{"minecraft:spider":1,"minecraft:skeleton":5,"vinery:mule":2,"bloomingnature:boar":2,"vinery:wandering_winemaker":1,"bloomingnature:termite":4,"minecraft:creeper":1,"minecraft:sheep":4,"dawnera:psittacosaurus":1,"minecraft:villager":2,"minecraft:cow":4},"minecraft:picked_up":{"irons_spellbooks:scroll":1,"iceandfire:dragon_skull_lightning":1,"minecraft:crafting_table":5,"minecraft:chainmail_boots":1,"minecraft:lead":2,"minecraft:stone_slab":1,"minecraft:acacia_pressure_plate":3,"minecraft:chain":4,"iceandfire:manuscript":150,"minecraft:string":2,"minecraft:red_bed":8,"minecraft:iron_axe":1,"minecraft:acacia_door":29,"evilcraft:poison_sac":3,"iceandfire:bestiary":2,"minecraft:beef":8,"bloomingnature:baobab_trapdoor":1,"irons_spellbooks:blank_rune":3,"minecraft:birch_sapling":3,"farmersdelight:cabbage_seeds":4,"minecraft:iron_boots":1,"apotheosis:gem":1,"minecraft:stick":32,"iceandfire:dragonbone":26,"bloomingnature:baobab_wood":7,"minecraft:torch":49,"evilcraft:origins_of_darkness":2,"minecraft:acacia_log":2,"minecraft:porkchop":5,"iceandfire:rotten_egg":4,"minecraft:dark_oak_planks":6,"minecraft:orange_bed":6,"minecraft:arrow":6,"minecraft:white_terracotta":3,"minecraft:mutton":7,"minecraft:rail":1,"minecraft:white_wool":3,"minecraft:cobblestone":18,"minecraft:birch_log":23,"minecraft:leather_chestplate":4,"dawnera:psittacosaurus_meat":1,"bloomingnature:baobab_log":68,"minecraft:leather":4,"minecraft:packed_mud":2,"minecraft:oak_log":79,"minecraft:paper":8,"minecraft:lantern":12,"minecraft:dirt":37,"minecraft:orange_terracotta":5,"minecraft:leather_boots":3,"minecraft:bone":20,"iceandfire:pixie_jar_empty":2,"minecraft:apple":5,"minecraft:bow":1,"minecraft:wheat_seeds":506,"minecraft:cobweb":78,"bloomingnature:chestnut_sapling":1,"minecraft:iron_sword":3,"minecraft:acacia_sapling":18,"iceandfire:copper_nugget":150,"iceandfire:shiny_scales":6,"minecraft:white_bed":3,"bloomingnature:baobab_sapling":5,"minecraft:spider_eye":1,"minecraft:leather_helmet":4,"minecraft:bundle":1,"minecraft:light_gray_terracotta":2,"minecraft:diamond":4,"bloomingnature:baobab_planks":8,"knightquest:small_essence":3,"minecraft:grass":10,"minecraft:gray_wool":1,"minecraft:chainmail_helmet":3,"minecraft:emerald":12,"minecraft:bread":11,"minecraft:terracotta":9,"minecraft:oak_sapling":38,"minecraft:brown_banner":4,"minecraft:melon_seeds":39,"minecraft:dark_oak_fence":2,"iceandfire:raw_silver":3},"minecraft:dropped":{"minecraft:bread":3,"minecraft:iron_sword":2,"iceandfire:raw_silver":3,"minecraft:wheat_seeds":442,"minecraft:diamond":4,"minecraft:lantern":6,"minecraft:brown_banner":4,"minecraft:chainmail_helmet":3,"minecraft:leather_helmet":3,"minecraft:stick":3,"minecraft:emerald":12,"minecraft:cobweb":52,"minecraft:packed_mud":1,"minecraft:dirt":23,"minecraft:red_bed":6,"minecraft:grass":10,"iceandfire:copper_nugget":150,"minecraft:torch":42,"iceandfire:pixie_jar_empty":1,"minecraft:dark_oak_fence":2,"tombstone:grave_key":5,"minecraft:wooden_axe":1,"tombstone:grave_dust":2,"minecraft:orange_bed":4,"minecraft:paper":8,"minecraft:acacia_door":29,"minecraft:string":1,"minecraft:dark_oak_planks":3,"minecraft:bone":17,"vinery:savanna_grape_seeds_red":3,"iceandfire:dragonbone":26,"irons_spellbooks:blank_rune":3,"minecraft:detector_rail":2,"minecraft:light_gray_terracotta":1,"minecraft:birch_sapling":3,"farmersdelight:cabbage_seeds":4,"blue_skies:pine_fruit_seeds":1,"evilcraft:origins_of_darkness":3,"evilcraft:poison_sac":2,"iceandfire:shiny_scales":6,"minecraft:leather_chestplate":3,"minecraft:melon_seeds":45,"minecraft:leather_boots":2,"minecraft:acacia_sapling":18,"iceandfire:bestiary":3,"minecraft:spider_eye":1,"minecraft:arrow":5,"minecraft:wooden_pickaxe":1,"iceandfire:manuscript":150,"minecraft:acacia_pressure_plate":3,"iceandfire:dragon_skull_lightning":1,"minecraft:terracotta":8},"minecraft:used":{"bloomingnature:baobab_trapdoor":7,"minecraft:chest":7,"minecraft:white_terracotta":3,"minecraft:iron_sword":15,"minecraft:orange_bed":1,"minecraft:torch":16,"minecraft:dirt":5,"minecraft:mutton":4,"dawnera:psittacosaurus_meat":1,"minecraft:dark_oak_planks":3,"minecraft:wooden_axe":106,"minecraft:iron_axe":85,"minecraft:lantern":6,"minecraft:packed_mud":1,"minecraft:iron_helmet":1,"bloomingnature:chestnut_sapling":1,"evilcraft:flesh_humanoid":1,"ars_nouveau:sourceberry_bush":2,"tombstone:gift":4,"iceandfire:pixie_jar_empty":1,"minecraft:orange_terracotta":5,"bloomingnature:baobab_door":1,"bloomingnature:baobab_planks":87,"farmersdelight:skillet":79,"minecraft:birch_planks":18,"minecraft:stone_pickaxe":11,"minecraft:oak_planks":39,"minecraft:wooden_pickaxe":28,"minecraft:leather_boots":1,"minecraft:golden_apple":1,"minecraft:terracotta":1,"minecraft:rail":11,"minecraft:crafting_table":7,"minecraft:red_bed":2,"minecraft:white_bed":3,"tombstone:bag_of_seeds":2,"minecraft:apple":2,"minecraft:bread":9,"minecraft:string":2,"minecraft:stone_slab":1,"tombstone:grave_key":1,"minecraft:stone_axe":3,"minecraft:porkchop":5,"minecraft:chain":4,"minecraft:gray_wool":1},"minecraft:custom":{"minecraft:mob_kills":31,"minecraft:interact_with_crafting_table":12,"minecraft:damage_dealt_resisted":0,"minecraft:leave_game":1,"minecraft:time_since_death":16588,"minecraft:climb_one_cm":1599,"minecraft:sprint_one_cm":416333,"minecraft:walk_one_cm":158303,"minecraft:drop":234,"minecraft:talked_to_villager":1,"minecraft:play_time":100759,"minecraft:deaths":13,"minecraft:sneak_time":2776,"minecraft:walk_under_water_one_cm":5284,"minecraft:jump":2358,"minecraft:interact_with_brewingstand":1,"minecraft:walk_on_water_one_cm":13376,"minecraft:total_world_time":100759,"minecraft:sleep_in_bed":4,"minecraft:time_since_rest":14865,"minecraft:damage_taken":4458,"minecraft:damage_absorbed":40,"minecraft:damage_dealt":3285,"tombstone:cast_on_ally":0,"minecraft:swim_one_cm":28837,"minecraft:fly_one_cm":574142,"minecraft:open_chest":8,"minecraft:crouch_one_cm":8113,"tombstone:undead_killed":5,"tombstone:villager_killed":3,"minecraft:fall_one_cm":57029,"minecraft:horse_one_cm":1689},"minecraft:crafted":{"minecraft:oak_planks":316,"bloomingnature:baobab_door":3,"bloomingnature:baobab_trapdoor":6,"minecraft:stone_pickaxe":1,"minecraft:chest":7,"bloomingnature:baobab_planks":272,"minecraft:crafting_table":4,"minecraft:wooden_pickaxe":2,"minecraft:birch_planks":92,"minecraft:stone_axe":1,"farmersdelight:skillet":1,"minecraft:stick":24,"minecraft:wooden_axe":3,"minecraft:white_bed":1},"minecraft:broken":{"minecraft:wooden_axe":1},"minecraft:mined":{"minecraft:dark_oak_planks":2,"minecraft:white_bed":3,"bloomingnature:termite_mound":4,"bloomingnature:baobab_wood":7,"minecraft:acacia_log":2,"minecraft:grass_block":18,"bloomingnature:baobab_planks":8,"minecraft:large_fern":10,"minecraft:fire":2,"minecraft:stone":18,"minecraft:orange_bed":2,"iceandfire:pixie_jar_empty":1,"minecraft:red_bed":3,"minecraft:orange_terracotta":6,"minecraft:crafting_table":5,"minecraft:torch":2,"minecraft:light_gray_terracotta":2,"minecraft:dead_bush":5,"minecraft:stone_slab":1,"minecraft:tall_grass":71,"minecraft:wall_torch":2,"dawnera:worm_dirt":1,"minecraft:white_terracotta":3,"minecraft:birch_log":23,"minecraft:birch_leaves":2,"minecraft:grass":74,"minecraft:oak_log":81,"bloomingnature:baobab_log":68,"minecraft:dirt":9,"bloomingnature:baobab_trapdoor":1,"minecraft:terracotta":8,"minecraft:oak_leaves":14,"minecraft:fern":5}},"DataVersion":3465}