{"stats":{"minecraft:killed_by":{"minecraft:player":1},"minecraft:killed":{"minecraft:spider":1,"minecraft:creeper":1,"minecraft:skeleton":4,"minecraft:sheep":4,"dawnera:psittacosaurus":1,"minecraft:cow":4},"minecraft:picked_up":{"minecraft:birch_log":23,"minecraft:crafting_table":5,"minecraft:chainmail_boots":1,"dawnera:psittacosaurus_meat":1,"minecraft:leather":4,"minecraft:stone_slab":1,"minecraft:oak_log":79,"minecraft:dirt":27,"minecraft:string":2,"minecraft:orange_terracotta":5,"minecraft:bone":3,"minecraft:apple":5,"minecraft:bow":1,"minecraft:wheat_seeds":5,"minecraft:beef":8,"bloomingnature:chestnut_sapling":1,"minecraft:birch_sapling":3,"minecraft:iron_boots":1,"minecraft:stick":27,"apotheosis:gem":1,"minecraft:torch":2,"evilcraft:origins_of_darkness":2,"minecraft:white_bed":3,"minecraft:spider_eye":1,"minecraft:dark_oak_planks":6,"minecraft:bundle":1,"minecraft:light_gray_terracotta":2,"minecraft:arrow":1,"knightquest:small_essence":3,"minecraft:gray_wool":1,"minecraft:white_terracotta":3,"minecraft:terracotta":9,"minecraft:oak_sapling":37,"minecraft:mutton":7,"minecraft:dark_oak_fence":2,"minecraft:white_wool":3,"minecraft:rail":1,"minecraft:cobblestone":18},"minecraft:used":{"farmersdelight:skillet":79,"minecraft:birch_planks":18,"minecraft:stone_pickaxe":11,"minecraft:oak_planks":39,"minecraft:wooden_pickaxe":28,"minecraft:white_terracotta":3,"minecraft:torch":12,"minecraft:golden_apple":1,"minecraft:mutton":4,"minecraft:dirt":5,"minecraft:rail":11,"minecraft:terracotta":1,"minecraft:crafting_table":6,"dawnera:psittacosaurus_meat":1,"minecraft:white_bed":3,"tombstone:bag_of_seeds":2,"minecraft:wooden_axe":106,"minecraft:dark_oak_planks":3,"minecraft:apple":2,"minecraft:bread":2,"minecraft:string":2,"bloomingnature:chestnut_sapling":1,"minecraft:iron_helmet":1,"minecraft:stone_slab":1,"tombstone:grave_key":1,"evilcraft:flesh_humanoid":1,"minecraft:stone_axe":3,"ars_nouveau:sourceberry_bush":2,"tombstone:gift":4,"minecraft:orange_terracotta":5,"minecraft:gray_wool":1},"minecraft:dropped":{"minecraft:wheat_seeds":6,"minecraft:detector_rail":2,"minecraft:light_gray_terracotta":1,"minecraft:birch_sapling":3,"blue_skies:pine_fruit_seeds":1,"evilcraft:origins_of_darkness":3,"minecraft:stick":3,"minecraft:dirt":3,"minecraft:dark_oak_fence":2,"tombstone:grave_key":5,"minecraft:wooden_axe":1,"minecraft:melon_seeds":6,"tombstone:grave_dust":2,"minecraft:spider_eye":1,"minecraft:wooden_pickaxe":1,"minecraft:dark_oak_planks":3,"minecraft:string":1,"vinery:savanna_grape_seeds_red":3,"minecraft:terracotta":8},"minecraft:custom":{"minecraft:mob_kills":15,"minecraft:interact_with_crafting_table":8,"minecraft:damage_dealt_resisted":0,"minecraft:leave_game":1,"minecraft:time_since_death":2626,"minecraft:sleep_in_bed":2,"minecraft:climb_one_cm":1599,"minecraft:time_since_rest":1388,"minecraft:sprint_one_cm":310138,"minecraft:damage_absorbed":40,"minecraft:damage_taken":3913,"minecraft:walk_one_cm":101054,"minecraft:drop":37,"minecraft:damage_dealt":2450,"tombstone:cast_on_ally":0,"minecraft:swim_one_cm":18048,"minecraft:fly_one_cm":417188,"minecraft:open_chest":3,"minecraft:crouch_one_cm":4562,"minecraft:play_time":64759,"tombstone:undead_killed":4,"minecraft:deaths":12,"minecraft:sneak_time":1831,"minecraft:walk_under_water_one_cm":2946,"minecraft:jump":1680,"minecraft:walk_on_water_one_cm":3639,"minecraft:total_world_time":64759,"minecraft:fall_one_cm":46923},"minecraft:crafted":{"minecraft:oak_planks":316,"minecraft:crafting_table":3,"minecraft:wooden_pickaxe":2,"minecraft:birch_planks":92,"minecraft:stone_axe":1,"farmersdelight:skillet":1,"minecraft:stick":24,"minecraft:stone_pickaxe":1,"minecraft:wooden_axe":3,"minecraft:white_bed":1},"minecraft:broken":{"minecraft:wooden_axe":1},"minecraft:mined":{"minecraft:dark_oak_planks":2,"minecraft:white_bed":3,"minecraft:orange_terracotta":6,"minecraft:crafting_table":5,"minecraft:torch":1,"minecraft:light_gray_terracotta":2,"minecraft:grass_block":18,"minecraft:dead_bush":5,"minecraft:stone_slab":1,"minecraft:tall_grass":28,"minecraft:wall_torch":1,"minecraft:large_fern":2,"minecraft:white_terracotta":3,"minecraft:birch_log":23,"minecraft:fire":2,"minecraft:birch_leaves":2,"minecraft:grass":29,"minecraft:oak_log":81,"minecraft:dirt":9,"minecraft:terracotta":8,"minecraft:stone":18,"minecraft:fern":1,"minecraft:oak_leaves":12}},"DataVersion":3465}