{"stats":{"minecraft:killed_by":{"minecraft:player":1},"minecraft:killed":{"minecraft:spider":1,"minecraft:skeleton":5,"bloomingnature:boar":2,"bloomingnature:termite":4,"minecraft:creeper":1,"minecraft:sheep":4,"dawnera:psittacosaurus":1,"minecraft:villager":2,"minecraft:cow":4},"minecraft:picked_up":{"irons_spellbooks:scroll":1,"iceandfire:dragon_skull_lightning":1,"minecraft:crafting_table":5,"minecraft:chainmail_boots":1,"minecraft:stone_slab":1,"minecraft:acacia_pressure_plate":3,"minecraft:chain":4,"iceandfire:manuscript":150,"minecraft:string":2,"minecraft:red_bed":8,"minecraft:iron_axe":1,"minecraft:acacia_door":29,"evilcraft:poison_sac":2,"iceandfire:bestiary":2,"minecraft:beef":8,"irons_spellbooks:blank_rune":3,"minecraft:birch_sapling":3,"farmersdelight:cabbage_seeds":4,"minecraft:iron_boots":1,"apotheosis:gem":1,"minecraft:stick":27,"iceandfire:dragonbone":26,"minecraft:torch":47,"evilcraft:origins_of_darkness":2,"minecraft:acacia_log":2,"minecraft:porkchop":5,"iceandfire:rotten_egg":4,"minecraft:dark_oak_planks":6,"minecraft:orange_bed":5,"minecraft:arrow":6,"minecraft:white_terracotta":3,"minecraft:mutton":7,"minecraft:rail":1,"minecraft:white_wool":3,"minecraft:cobblestone":18,"minecraft:birch_log":23,"minecraft:leather_chestplate":4,"dawnera:psittacosaurus_meat":1,"minecraft:leather":4,"minecraft:packed_mud":2,"minecraft:oak_log":79,"minecraft:paper":8,"minecraft:lantern":12,"minecraft:dirt":37,"minecraft:orange_terracotta":5,"minecraft:leather_boots":3,"minecraft:bone":20,"iceandfire:pixie_jar_empty":2,"minecraft:apple":5,"minecraft:bow":1,"minecraft:wheat_seeds":441,"minecraft:cobweb":78,"bloomingnature:chestnut_sapling":1,"minecraft:iron_sword":3,"minecraft:acacia_sapling":18,"iceandfire:copper_nugget":150,"iceandfire:shiny_scales":6,"minecraft:white_bed":3,"minecraft:spider_eye":1,"minecraft:leather_helmet":4,"minecraft:bundle":1,"minecraft:light_gray_terracotta":2,"minecraft:diamond":4,"knightquest:small_essence":3,"minecraft:grass":6,"minecraft:gray_wool":1,"minecraft:chainmail_helmet":3,"minecraft:emerald":12,"minecraft:bread":11,"minecraft:terracotta":9,"minecraft:oak_sapling":37,"minecraft:brown_banner":4,"minecraft:melon_seeds":39,"minecraft:dark_oak_fence":2,"iceandfire:raw_silver":3},"minecraft:used":{"minecraft:white_terracotta":3,"minecraft:iron_sword":3,"minecraft:orange_bed":1,"minecraft:torch":15,"minecraft:dirt":5,"minecraft:mutton":4,"dawnera:psittacosaurus_meat":1,"minecraft:dark_oak_planks":3,"minecraft:wooden_axe":106,"minecraft:packed_mud":1,"minecraft:iron_helmet":1,"bloomingnature:chestnut_sapling":1,"evilcraft:flesh_humanoid":1,"ars_nouveau:sourceberry_bush":2,"tombstone:gift":4,"iceandfire:pixie_jar_empty":1,"minecraft:orange_terracotta":5,"farmersdelight:skillet":79,"minecraft:birch_planks":18,"minecraft:stone_pickaxe":11,"minecraft:oak_planks":39,"minecraft:wooden_pickaxe":28,"minecraft:leather_boots":1,"minecraft:golden_apple":1,"minecraft:terracotta":1,"minecraft:rail":11,"minecraft:crafting_table":6,"minecraft:red_bed":2,"minecraft:white_bed":3,"tombstone:bag_of_seeds":2,"minecraft:apple":2,"minecraft:bread":7,"minecraft:string":2,"minecraft:stone_slab":1,"tombstone:grave_key":1,"minecraft:stone_axe":3,"minecraft:porkchop":5,"minecraft:chain":4,"minecraft:gray_wool":1},"minecraft:dropped":{"minecraft:bread":3,"minecraft:iron_sword":2,"iceandfire:raw_silver":2,"minecraft:wheat_seeds":303,"minecraft:diamond":3,"minecraft:lantern":6,"minecraft:brown_banner":2,"minecraft:chainmail_helmet":2,"minecraft:leather_helmet":2,"minecraft:stick":3,"minecraft:emerald":8,"minecraft:cobweb":52,"minecraft:packed_mud":1,"minecraft:dirt":13,"minecraft:red_bed":4,"minecraft:grass":6,"iceandfire:copper_nugget":100,"minecraft:torch":28,"iceandfire:pixie_jar_empty":1,"minecraft:dark_oak_fence":2,"tombstone:grave_key":5,"minecraft:wooden_axe":1,"tombstone:grave_dust":2,"minecraft:orange_bed":3,"minecraft:paper":4,"minecraft:acacia_door":20,"minecraft:string":1,"minecraft:dark_oak_planks":3,"minecraft:bone":10,"vinery:savanna_grape_seeds_red":3,"iceandfire:dragonbone":24,"irons_spellbooks:blank_rune":2,"minecraft:detector_rail":2,"minecraft:light_gray_terracotta":1,"minecraft:birch_sapling":3,"farmersdelight:cabbage_seeds":2,"blue_skies:pine_fruit_seeds":1,"evilcraft:origins_of_darkness":3,"evilcraft:poison_sac":2,"iceandfire:shiny_scales":4,"minecraft:leather_chestplate":2,"minecraft:melon_seeds":32,"minecraft:leather_boots":1,"minecraft:acacia_sapling":12,"iceandfire:bestiary":2,"minecraft:spider_eye":1,"minecraft:arrow":2,"minecraft:wooden_pickaxe":1,"iceandfire:manuscript":100,"minecraft:acacia_pressure_plate":2,"iceandfire:dragon_skull_lightning":1,"minecraft:terracotta":8},"minecraft:custom":{"minecraft:mob_kills":28,"minecraft:interact_with_crafting_table":8,"minecraft:damage_dealt_resisted":0,"minecraft:leave_game":1,"minecraft:time_since_death":4588,"minecraft:climb_one_cm":1599,"minecraft:sprint_one_cm":390207,"minecraft:walk_one_cm":143442,"minecraft:drop":132,"minecraft:play_time":88759,"minecraft:deaths":13,"minecraft:sneak_time":2046,"minecraft:walk_under_water_one_cm":5229,"minecraft:jump":2279,"minecraft:interact_with_brewingstand":1,"minecraft:walk_on_water_one_cm":10807,"minecraft:total_world_time":88759,"minecraft:sleep_in_bed":4,"minecraft:time_since_rest":2865,"minecraft:damage_taken":4448,"minecraft:damage_absorbed":40,"minecraft:damage_dealt":2693,"tombstone:cast_on_ally":0,"minecraft:swim_one_cm":28837,"minecraft:fly_one_cm":561945,"minecraft:open_chest":4,"minecraft:crouch_one_cm":4948,"tombstone:undead_killed":5,"tombstone:villager_killed":2,"minecraft:fall_one_cm":54724},"minecraft:crafted":{"minecraft:oak_planks":316,"minecraft:stone_pickaxe":1,"minecraft:crafting_table":3,"minecraft:wooden_pickaxe":2,"minecraft:birch_planks":92,"minecraft:stone_axe":1,"farmersdelight:skillet":1,"minecraft:stick":24,"minecraft:wooden_axe":3,"minecraft:white_bed":1},"minecraft:broken":{"minecraft:wooden_axe":1},"minecraft:mined":{"minecraft:dark_oak_planks":2,"minecraft:white_bed":3,"bloomingnature:termite_mound":4,"minecraft:acacia_log":2,"minecraft:grass_block":18,"minecraft:large_fern":10,"minecraft:fire":2,"minecraft:stone":18,"minecraft:orange_bed":1,"iceandfire:pixie_jar_empty":1,"minecraft:red_bed":3,"minecraft:orange_terracotta":6,"minecraft:crafting_table":5,"minecraft:torch":1,"minecraft:light_gray_terracotta":2,"minecraft:dead_bush":5,"minecraft:stone_slab":1,"minecraft:tall_grass":70,"minecraft:wall_torch":1,"dawnera:worm_dirt":1,"minecraft:white_terracotta":3,"minecraft:birch_log":23,"minecraft:birch_leaves":2,"minecraft:grass":71,"minecraft:oak_log":81,"minecraft:dirt":9,"minecraft:terracotta":8,"minecraft:oak_leaves":12,"minecraft:fern":5}},"DataVersion":3465}