{"stats":{"minecraft:custom":{"minecraft:jump":3,"minecraft:time_since_rest":2042,"minecraft:crouch_one_cm":2001,"minecraft:sprint_one_cm":871,"minecraft:play_time":2042,"minecraft:time_since_death":2042,"minecraft:walk_one_cm":344,"minecraft:sneak_time":519,"minecraft:total_world_time":2042,"minecraft:fly_one_cm":241},"minecraft:mined":{"minecraft:grass_block":15,"minecraft:oak_log":6,"minecraft:oak_leaves":1,"minecraft:dirt":8},"minecraft:picked_up":{"minecraft:oak_log":5,"minecraft:dirt":23}},"DataVersion":3465}