{"stats":{"minecraft:broken":{"minecraft:wooden_axe":1},"minecraft:crafted":{"minecraft:oak_planks":252,"minecraft:crafting_table":1,"minecraft:stick":12,"minecraft:wooden_pickaxe":1,"minecraft:wooden_axe":1},"minecraft:custom":{"minecraft:deaths":3,"minecraft:time_since_rest":1,"minecraft:crouch_one_cm":2118,"minecraft:play_time":14042,"minecraft:sprint_one_cm":57604,"minecraft:damage_taken":1025,"minecraft:walk_one_cm":26454,"minecraft:sneak_time":642,"minecraft:drop":6,"minecraft:damage_dealt_resisted":0,"minecraft:jump":220,"minecraft:damage_dealt":71,"minecraft:time_since_death":242,"minecraft:total_world_time":14042,"minecraft:interact_with_crafting_table":2,"minecraft:fall_one_cm":7549,"minecraft:fly_one_cm":35705},"minecraft:dropped":{"tombstone:grave_dust":1,"minecraft:wheat_seeds":1,"tombstone:grave_key":1,"minecraft:dirt":3},"minecraft:used":{"minecraft:wooden_axe":65,"minecraft:crafting_table":2,"minecraft:oak_planks":19,"tombstone:gift":2},"minecraft:mined":{"minecraft:grass":5,"minecraft:grass_block":15,"minecraft:oak_log":64,"minecraft:dirt":8,"minecraft:tall_grass":1,"minecraft:birch_leaves":2,"minecraft:oak_leaves":12,"minecraft:crafting_table":2},"minecraft:picked_up":{"minecraft:crafting_table":2,"minecraft:stick":19,"minecraft:apple":3,"minecraft:wheat_seeds":1,"minecraft:oak_log":63,"minecraft:oak_sapling":25,"minecraft:dirt":23}},"DataVersion":3465}