{"stats":{"minecraft:killed_by":{"minecraft:player":1},"minecraft:killed":{"minecraft:spider":1},"minecraft:picked_up":{"minecraft:birch_log":23,"minecraft:crafting_table":4,"minecraft:stone_slab":1,"minecraft:oak_log":79,"minecraft:dirt":24,"minecraft:string":2,"minecraft:orange_terracotta":5,"minecraft:apple":5,"minecraft:wheat_seeds":1,"minecraft:birch_sapling":3,"minecraft:iron_boots":1,"minecraft:stick":27,"apotheosis:gem":1,"minecraft:torch":2,"evilcraft:origins_of_darkness":2,"minecraft:spider_eye":1,"minecraft:dark_oak_planks":6,"minecraft:light_gray_terracotta":2,"minecraft:white_terracotta":3,"minecraft:terracotta":9,"minecraft:oak_sapling":37,"minecraft:dark_oak_fence":2,"minecraft:rail":1,"minecraft:cobblestone":18},"minecraft:used":{"farmersdelight:skillet":2,"minecraft:birch_planks":18,"minecraft:stone_pickaxe":10,"minecraft:oak_planks":39,"minecraft:wooden_pickaxe":28,"minecraft:white_terracotta":3,"minecraft:torch":10,"minecraft:golden_apple":1,"minecraft:dirt":2,"minecraft:rail":11,"minecraft:terracotta":1,"minecraft:crafting_table":5,"tombstone:bag_of_seeds":2,"minecraft:wooden_axe":106,"minecraft:dark_oak_planks":3,"minecraft:apple":2,"minecraft:bread":2,"minecraft:string":2,"minecraft:iron_helmet":1,"minecraft:stone_slab":1,"evilcraft:flesh_humanoid":1,"minecraft:stone_axe":1,"ars_nouveau:sourceberry_bush":2,"tombstone:gift":4},"minecraft:dropped":{"minecraft:wheat_seeds":2,"minecraft:detector_rail":2,"minecraft:light_gray_terracotta":1,"minecraft:birch_sapling":3,"blue_skies:pine_fruit_seeds":1,"evilcraft:origins_of_darkness":3,"minecraft:stick":3,"minecraft:dirt":3,"minecraft:dark_oak_fence":2,"tombstone:grave_key":4,"minecraft:wooden_axe":1,"minecraft:melon_seeds":6,"tombstone:grave_dust":2,"minecraft:spider_eye":1,"minecraft:wooden_pickaxe":1,"minecraft:dark_oak_planks":3,"minecraft:string":1,"vinery:savanna_grape_seeds_red":3,"minecraft:terracotta":8},"minecraft:custom":{"minecraft:mob_kills":1,"minecraft:interact_with_crafting_table":7,"minecraft:damage_dealt_resisted":0,"minecraft:leave_game":1,"minecraft:time_since_death":12792,"minecraft:time_since_rest":11142,"minecraft:sprint_one_cm":250861,"minecraft:damage_absorbed":40,"minecraft:damage_taken":2710,"minecraft:walk_one_cm":78995,"minecraft:drop":32,"minecraft:damage_dealt":369,"tombstone:cast_on_ally":0,"minecraft:swim_one_cm":13377,"minecraft:fly_one_cm":289717,"minecraft:open_chest":3,"minecraft:crouch_one_cm":4562,"minecraft:play_time":52759,"minecraft:deaths":8,"minecraft:sneak_time":1823,"minecraft:walk_under_water_one_cm":1319,"minecraft:jump":1196,"minecraft:walk_on_water_one_cm":3284,"minecraft:total_world_time":52759,"minecraft:fall_one_cm":35671},"minecraft:crafted":{"minecraft:oak_planks":316,"minecraft:crafting_table":3,"minecraft:wooden_pickaxe":2,"minecraft:birch_planks":92,"minecraft:stone_axe":1,"farmersdelight:skillet":1,"minecraft:stick":24,"minecraft:stone_pickaxe":1,"minecraft:wooden_axe":3},"minecraft:broken":{"minecraft:wooden_axe":1},"minecraft:mined":{"minecraft:dark_oak_planks":2,"minecraft:orange_terracotta":6,"minecraft:crafting_table":4,"minecraft:torch":1,"minecraft:light_gray_terracotta":2,"minecraft:grass_block":16,"minecraft:dead_bush":5,"minecraft:stone_slab":1,"minecraft:tall_grass":1,"minecraft:wall_torch":1,"minecraft:white_terracotta":3,"minecraft:birch_log":23,"minecraft:birch_leaves":2,"minecraft:grass":8,"minecraft:oak_log":81,"minecraft:dirt":8,"minecraft:terracotta":8,"minecraft:stone":18,"minecraft:oak_leaves":12}},"DataVersion":3465}