{"stats":{"minecraft:killed_by":{"minecraft:player":1},"minecraft:killed":{"minecraft:spider":1},"minecraft:picked_up":{"minecraft:birch_log":23,"apotheosis:gem":1,"minecraft:stick":27,"minecraft:crafting_table":3,"minecraft:oak_log":79,"minecraft:spider_eye":1,"minecraft:string":2,"minecraft:dirt":24,"minecraft:dark_oak_planks":5,"minecraft:apple":5,"minecraft:wheat_seeds":1,"minecraft:terracotta":1,"minecraft:oak_sapling":37,"minecraft:birch_sapling":3,"minecraft:dark_oak_fence":2,"minecraft:rail":1,"minecraft:iron_boots":1},"minecraft:dropped":{"minecraft:dirt":3,"minecraft:wheat_seeds":2,"tombstone:grave_key":4,"tombstone:grave_dust":1,"minecraft:spider_eye":1,"evilcraft:origins_of_darkness":1,"minecraft:string":1,"minecraft:stick":3},"minecraft:used":{"tombstone:bag_of_seeds":2,"minecraft:dark_oak_planks":3,"minecraft:wooden_axe":105,"minecraft:apple":2,"minecraft:string":2,"minecraft:oak_planks":39,"minecraft:iron_helmet":1,"minecraft:torch":2,"minecraft:rail":11,"minecraft:dirt":2,"minecraft:terracotta":1,"minecraft:crafting_table":4,"ars_nouveau:sourceberry_bush":2,"tombstone:gift":2},"minecraft:crafted":{"minecraft:oak_planks":316,"minecraft:crafting_table":3,"minecraft:stick":24,"minecraft:wooden_pickaxe":2,"minecraft:wooden_axe":3,"minecraft:birch_planks":16},"minecraft:custom":{"minecraft:time_since_rest":1,"minecraft:sprint_one_cm":203928,"minecraft:damage_taken":2570,"minecraft:walk_one_cm":56649,"minecraft:mob_kills":1,"minecraft:drop":16,"minecraft:damage_dealt":369,"minecraft:swim_one_cm":6559,"minecraft:interact_with_crafting_table":6,"minecraft:fly_one_cm":231033,"minecraft:open_chest":3,"minecraft:crouch_one_cm":2522,"minecraft:play_time":40759,"minecraft:deaths":8,"minecraft:sneak_time":1267,"minecraft:walk_under_water_one_cm":761,"minecraft:jump":951,"minecraft:damage_dealt_resisted":0,"minecraft:leave_game":1,"minecraft:walk_on_water_one_cm":2379,"minecraft:time_since_death":792,"minecraft:total_world_time":40759,"minecraft:fall_one_cm":28343},"minecraft:broken":{"minecraft:wooden_axe":1},"minecraft:mined":{"minecraft:dark_oak_planks":1,"minecraft:birch_log":23,"minecraft:birch_leaves":2,"minecraft:crafting_table":3,"minecraft:grass":6,"minecraft:grass_block":16,"minecraft:oak_log":81,"minecraft:dead_bush":4,"minecraft:dirt":8,"minecraft:tall_grass":1,"minecraft:oak_leaves":12}},"DataVersion":3465}