{"stats":{"minecraft:custom":{"minecraft:jump":140,"minecraft:time_since_rest":1,"minecraft:damage_dealt":94,"minecraft:crouch_one_cm":19,"minecraft:sprint_one_cm":28836,"minecraft:deaths":3,"minecraft:play_time":5717,"minecraft:damage_taken":1060,"minecraft:time_since_death":98,"minecraft:walk_one_cm":13746,"minecraft:sneak_time":6,"minecraft:total_world_time":5717,"minecraft:fall_one_cm":4549,"minecraft:fly_one_cm":33245,"minecraft:damage_dealt_resisted":0},"minecraft:mined":{"minecraft:grass":2},"minecraft:picked_up":{"minecraft:trident":1,"minecraft:rotten_flesh":1}},"DataVersion":3465}