{"stats":{"minecraft:killed":{"minecraft:skeleton":1},"minecraft:picked_up":{"minecraft:wooden_axe":1,"irons_spellbooks:scroll":1,"ars_nouveau:caster_tome":1,"minecraft:oak_slab":4,"minecraft:stick":7,"apotheosis:gem":4,"artifacts:rooted_boots":1,"minecraft:sandstone_wall":9,"minecraft:smooth_sandstone_stairs":10,"minecraft:trident":1,"minecraft:oak_trapdoor":5,"minecraft:chiseled_sandstone":1,"minecraft:spruce_door":1,"minecraft:iron_horse_armor":1,"ars_nouveau:wixie_shards":1,"minecraft:iron_leggings":1,"minecraft:item_frame":4,"irons_spellbooks:common_ink":1,"minecraft:smooth_sandstone":7,"minecraft:bone":4,"minecraft:rotten_flesh":7,"minecraft:chainmail_leggings":1,"minecraft:sandstone_stairs":3,"minecraft:iron_ingot":7,"minecraft:stripped_oak_wood":10,"minecraft:gold_ingot":7,"ars_nouveau:sourceberry_bush":5,"evilcraft:condensed_blood":14,"minecraft:oak_sapling":12,"irons_spellbooks:uncommon_ink":1,"minecraft:oak_planks":36,"minecraft:spruce_trapdoor":1,"minecraft:book":6},"minecraft:used":{"minecraft:trident":27,"minecraft:grass_block":1,"minecraft:rotten_flesh":1,"minecraft:terracotta":38,"tombstone:gift":2},"minecraft:custom":{"minecraft:time_since_rest":48333,"minecraft:sprint_one_cm":61343,"minecraft:damage_taken":1585,"minecraft:walk_one_cm":37373,"minecraft:trigger_trapped_chest":1,"minecraft:mob_kills":1,"minecraft:damage_dealt":531,"minecraft:player_kills":1,"minecraft:fly_one_cm":1027519,"minecraft:open_barrel":1,"minecraft:open_chest":5,"minecraft:crouch_one_cm":304,"minecraft:play_time":55816,"tombstone:undead_killed":1,"minecraft:deaths":4,"minecraft:sneak_time":1075,"minecraft:damage_dealt_resisted":0,"minecraft:jump":301,"minecraft:leave_game":1,"minecraft:time_since_death":49235,"minecraft:walk_on_water_one_cm":22,"minecraft:total_world_time":55816,"minecraft:climb_one_cm":305,"minecraft:fall_one_cm":5594},"minecraft:mined":{"minecraft:grass":3,"minecraft:tall_grass":1}},"DataVersion":3465}