{"stats":{"minecraft:killed":{"minecraft:zombie":1},"minecraft:picked_up":{"minecraft:stick":22,"minecraft:crafting_table":2,"minecraft:oak_log":30,"minecraft:dirt":1,"minecraft:apple":1,"bloomingnature:swamp_oak_sapling":13,"minecraft:wheat_seeds":1,"bloomingnature:swamp_oak_log":27,"minecraft:terracotta":1,"minecraft:oak_sapling":7,"minecraft:rail":2,"minecraft:cobblestone":12},"minecraft:used":{"minecraft:wooden_pickaxe":34,"minecraft:stone_axe":69,"bloomingnature:swamp_oak_log":2,"minecraft:dirt":1,"minecraft:terracotta":1,"minecraft:crafting_table":2,"minecraft:oak_sapling":1},"minecraft:crafted":{"minecraft:oak_planks":16,"minecraft:crafting_table":1,"minecraft:stick":4,"minecraft:wooden_pickaxe":1,"minecraft:stone_pickaxe":1,"minecraft:stone_sword":1,"bloomingnature:swamp_oak_planks":100,"minecraft:stone_axe":1},"minecraft:custom":{"minecraft:time_since_rest":3322,"minecraft:sprint_one_cm":53092,"minecraft:damage_taken":250,"minecraft:walk_one_cm":17537,"minecraft:mob_kills":1,"minecraft:damage_dealt":200,"minecraft:swim_one_cm":36318,"minecraft:interact_with_crafting_table":2,"minecraft:fly_one_cm":66256,"minecraft:play_time":16982,"tombstone:undead_killed":1,"minecraft:deaths":1,"minecraft:walk_under_water_one_cm":4996,"minecraft:sneak_time":44,"minecraft:jump":233,"minecraft:damage_dealt_resisted":0,"minecraft:leave_game":1,"minecraft:walk_on_water_one_cm":4047,"minecraft:time_since_death":5721,"minecraft:total_world_time":16982,"minecraft:fall_one_cm":8790},"minecraft:mined":{"minecraft:large_fern":1,"bloomingnature:swamp_oak_log":29,"minecraft:crafting_table":2,"minecraft:grass_block":1,"minecraft:oak_log":34,"minecraft:rail":3,"minecraft:dead_bush":18,"minecraft:tall_grass":4,"minecraft:terracotta":2,"minecraft:stone":12,"minecraft:oak_leaves":2}},"DataVersion":3465}