{"stats":{"minecraft:picked_up":{"minecraft:oak_log":4,"minecraft:rail":2},"minecraft:crafted":{"minecraft:crafting_table":1,"minecraft:oak_planks":8},"minecraft:custom":{"minecraft:jump":37,"minecraft:time_since_rest":5504,"minecraft:sprint_one_cm":10973,"minecraft:play_time":5504,"minecraft:time_since_death":5504,"minecraft:walk_one_cm":2990,"minecraft:sneak_time":6,"minecraft:total_world_time":5504,"minecraft:fall_one_cm":1848,"minecraft:fly_one_cm":8471},"minecraft:mined":{"minecraft:oak_log":4,"minecraft:rail":3,"minecraft:oak_leaves":2}},"DataVersion":3465}