{"stats":{"minecraft:killed":{"minecraft:zombie":1},"minecraft:picked_up":{"minecraft:stick":22,"minecraft:crafting_table":3,"minecraft:oak_door":2,"bloomingnature:swamp_oak_planks":7,"minecraft:sand":2,"minecraft:oak_log":33,"minecraft:string":4,"minecraft:dead_tube_coral_block":4,"minecraft:dirt":1,"minecraft:apple":1,"bloomingnature:swamp_oak_sapling":13,"minecraft:wheat_seeds":1,"bloomingnature:swamp_oak_log":27,"minecraft:dead_bubble_coral_block":5,"minecraft:terracotta":1,"minecraft:oak_sapling":7,"minecraft:rail":2,"minecraft:cobblestone":12},"minecraft:used":{"minecraft:oak_log":3,"minecraft:apple":1,"minecraft:stone_sword":4,"minecraft:stone_pickaxe":19,"minecraft:wooden_pickaxe":34,"minecraft:oak_door":3,"minecraft:stone_axe":85,"bloomingnature:swamp_oak_log":2,"minecraft:dirt":1,"minecraft:terracotta":1,"minecraft:crafting_table":3,"minecraft:oak_sapling":1,"bloomingnature:swamp_oak_planks":35},"minecraft:crafted":{"minecraft:oak_door":3,"minecraft:oak_planks":16,"minecraft:crafting_table":1,"minecraft:stick":4,"minecraft:wooden_pickaxe":1,"minecraft:stone_pickaxe":1,"minecraft:stone_sword":1,"bloomingnature:swamp_oak_planks":100,"minecraft:stone_axe":1},"minecraft:custom":{"minecraft:time_since_rest":18714,"minecraft:sprint_one_cm":53184,"minecraft:damage_taken":390,"minecraft:walk_one_cm":18837,"minecraft:mob_kills":1,"minecraft:damage_dealt":215,"minecraft:swim_one_cm":72863,"minecraft:interact_with_crafting_table":3,"minecraft:fly_one_cm":66620,"minecraft:crouch_one_cm":412,"minecraft:play_time":32374,"tombstone:undead_killed":1,"minecraft:deaths":1,"minecraft:walk_under_water_one_cm":18998,"minecraft:sneak_time":783,"minecraft:jump":261,"minecraft:damage_dealt_resisted":0,"minecraft:leave_game":2,"minecraft:walk_on_water_one_cm":11228,"minecraft:time_since_death":21113,"minecraft:total_world_time":32374,"minecraft:fall_one_cm":8790},"minecraft:mined":{"minecraft:large_fern":1,"minecraft:seagrass":2,"minecraft:horn_coral":1,"minecraft:tall_seagrass":3,"bloomingnature:swamp_oak_log":29,"minecraft:oak_door":2,"bloomingnature:swamp_oak_planks":8,"minecraft:fire_coral_wall_fan":1,"minecraft:fire_coral":1,"minecraft:crafting_table":3,"minecraft:grass_block":1,"minecraft:oak_log":37,"minecraft:rail":3,"minecraft:dead_bush":18,"minecraft:sand":2,"minecraft:bubble_coral_wall_fan":1,"minecraft:brain_coral_wall_fan":1,"minecraft:cobweb":1,"minecraft:tall_grass":4,"minecraft:bubble_coral_block":5,"minecraft:terracotta":2,"minecraft:fire_coral_block":1,"minecraft:stone":12,"minecraft:tube_coral_block":4,"minecraft:horn_coral_wall_fan":1,"minecraft:oak_leaves":2,"minecraft:spawner":1}},"DataVersion":3465}